Argovie;Aarau;Aarauer, Aarauerinnen
Berne;Aarberg;Aarberger, Aarbergerinnen
Argovie;Aarburg;Aarburger, Aarburgerinnen
Berne;Aarwangen;Aarwangener, Aarwangerinnen
Argovie;Abtwil;Abtwiler, Abtwilerinnen
Vaud;Aclens;Aclenais, Aclenaises
Lucerne;Adligenswil;Adligenswiler, Adligenswilerinnen
Zurich;Adliswil;Adliswiler, Adliswilerinnen
Bâle-Campagne;Aesch;Aescher, Aescherinnen
Valais;Agarn;Agarner, Agarnerinnen
Vaud;Agiez;Rita-Faye
Vaud;Aigle;Aiglons, Aiglonnes
Genève;Aire-la-Ville;Aériens, Aériennes
Tessin;Airolo;Airolesi
Valais;Albinen;Albiner, Albinerinnen
Vaud;Allaman;Allamanais, Allamanaises
Bâle-Campagne;Allschwil;Allschwiler, Allschwilerinnen
Obwald;Alpnach;Alpnacher, Alpnacherinnen
Schwytz;Alpthal;Alpthaler, Alpthalerinnen
Uri;Altdorf;Altdorfois, Altdorfoises
Schaffhouse;Altdorf;Altdorfer, Altdorferinnen
Schwytz;Altendorf;Altendorfer, Altendorferinnen
Saint-Gall;Altstätten;Altstättener, Altstätterinnen
Grisons;Alvaneu;Alvaneuer, Alvaneuerinnen
Grisons;Alvaschein;Alvascheiner, Alvascheinerinnen
Argovie;Ammerswil;Ammerswiler, Ammerswilerinnen
Thurgovie;Amriswil;Amriswiler, Amriswilerinnen
Uri;Andermatt;Andermatter, Andermatterinnen
Saint-Gall;Andwil;Andwiler, Andwilerinnen
Genève;Anières;Aniérois, Aniéroises
Valais;Anniviers;Anniviards, Anniviardes
Appenzell Rhodes-Intérieures;Appenzell;Appenzellois, Appenzelloises
Vaud;Apples;Caque-à-part
Valais;Arbaz;Arbaziens, Arbaziennes
Tessin;Arbedo-Castione;Arbedesi
Berne;Arch;Archer, Archerinnen
Fribourg;Arconciel;Arconcelois, Arconceloises
Valais;Ardon;Ardonains, Ardonintzes
Argovie;Aristau;Aristauer, Aristauerinnen
Bâle-Campagne;Arlesheim;Arlesheimer, Arlesheimerinnen
Vaud;Arnex-sur-Nyon;Arnésiens, Arnésiennes
Vaud;Arnex-sur-Orbe;Arnésiens, Arnésiennes
Schwytz;Arth;Arther, Artherinnen
Vaud;Arzier;Brénards
Tessin;Ascona;Asconais, Asconaises
Vaud;Assens;Asseniens, Asseniennes
Jura;Asuel;Verméchés
Fribourg;Attalens;Attalensois, Attalensoises
Argovie;Attelwil;Attelwiler, Attelwilerinnennen
Uri;Attinghausen;Attinghauser, Attinghauserinnen
Saint-Gall;Au;Auer, Auerinnen
Vaud;Aubonne;Aubonnois, Aubonnoises
Argovie;Auenstein;Auensteiner, Auensteinerinnen
Valais;Ausserberg;Ausserberger, Ausserbergerinnen
Berne;Auswil;Auswiler, Auswilerinnen
Fribourg;Autafond;Autafonnais, Autafonnaises
Neuchâtel;Auvernier;Perchettes
Argovie;Auw;Auwer, Auwerinnen
Vaud;Avenches;Avenchois, Avenchoises
Fribourg;Avry;Apriens, Apriennes
Genève;Avully;Avulliotes
Genève;Avusy;Avusiens, Avusiennes
Valais;Ayent;Ayentôts, Ayentôtes
Zoug;Baar;Baarois, Baaroises
Saint-Gall;Bad Ragaz;Bad Ragazer, Bad Ragazerinnen
Argovie;Bad Zurzach;Bad Zurzacher, Bad Zurzacherinnen
Argovie;Baden;Badener, Badenerinnen
Valais;Bagnes;Bagnards, Bagnardes
Bâle-Ville;Bâle;Bâlois, Bâloises
Tessin;Balerna;Balernitani
Saint-Gall;Balgach;Balgacher, Balgacherinnen
Vaud;Ballaigues;Ballaiguis, Ballaiguises
Vaud;Ballens;Ballensards, Ballensardes
Valais;Baltschieder;Baltschieder, Baltschiederinnen
Berne;Bannwil;Bannwiler, Bannwilerinnen
Genève;Bardonnex;Bardonnésiens, Bardonnésiennes
Berne;Bargen;Barger, Bargerinnen
Schaffhouse;Bargen;Bargener, Bargerinnen
Fribourg;Bas-Intyamon;Stabadins, Stabadines
Fribourg;Bas-Vully;Bas-Vuillerains, Bas-Vuilleraines
Jura;Bassecourt;Patas
Vaud;Bassins;Bachenards, Bachenardes
Uri;Bauen;Bauern, Bäuerinnen
Vaud;Baulmes;Baulmérans, Baulmérannes
Vaud;Bavois;Bavoisans, Bavoisannes
Tessin;Bedretto;Parüsch
Schaffhouse;Beggingen;Begginger, Beggingerinnen
Vaud;Begnins;Begninois, Begninoises
Argovie;Beinwil;Beinwiler, Beinwilerinnen
Fribourg;Belfaux;Belfagiens, Belfagiennes
Fribourg;Bellegarde;Jauners
Genève;Bellevue;Bellevistes
Argovie;Bellikon;Bellikoner, Bellikonerinnen
Tessin;Bellinzone;Bellinzonais, Bellinzonaises
Valais;Bellwald;Bellwalder, Bellwalderinnen
Vaud;Belmont-sur-Lausanne;Belmontais, Belmontaises
Vaud;Belmont-sur-Yverdon;Belmontais, Belmontaises
Saint-Gall;Benken;Benkener, Benkerinnen
Argovie;Benzenschwil;Benzenschwiler, Benzenschwilerinnen
Vaud;Bercher;Bourlatsapis
Argovie;Bergdietikon;Bergdietikoner, Bergdietikonerinnen
Argovie;Berikon;Berikoner, Berikonerinnen
Schaffhouse;Beringen;Beringer, Beringerinnen
Berne;Berne;Bernois, Bernoises
Saint-Gall;Berneck;Bernecker, Berneckerinnen
Genève;Bernex;Bernésiens, Bernésiennes
Vaud;Berolle;Berolans, Berolanes
Argovie;Besenbüren;Besenbürer, Besenbürerinnen
Glaris;Betschwanden;Betschwander, Betschwanderinnen
Valais;Betten;Bettener, Betterinnen
Vaud;Bettens;Grands-Pantets
Bâle-Ville;Bettingen;Bettinger, Bettingerinnen
Argovie;Bettwil;Bettwiler, Bettwilerinnen
Neuchâtel;Bevaix;Bevaisans, Bevaisannes
Vaud;Bex;Bellerins, Bellerinnes
Tessin;Biasca;Biaschesi
Argovie;Biberstein;Bibersteiner, Bibersteinerinnen
Berne;Bienne;Biennois, Biennoises
Vaud;Bière;Birolans, Birolanes
Valais;Binn;Binner, Binnerinnen
Valais;Birgisch;Birgischer, Birgischerinnen
Argovie;Birmenstorf;Birmenstorfer, Birmenstorferinnen
Argovie;Birr;Birrer, Birrerinnen
Argovie;Birrhard;Birrharder, Birrharderinnen
Argovie;Birrwil;Birrwiler, Birrwilerinnen
Valais;Bitsch;Bitscher, Bitscherinnen
Berne;Bleienbach;Bleienbacher, Bleienbacherinnen
Tessin;Blenio;Bleniesi
Valais;Blitzingen;Blitzinger, Blitzingerinnen
Vaud;Blonay;Blonaysans, Blonaysanes
Argovie;Böbikon;Böbikoner, Böbikonerinnen
Tessin;Bodio;Bodiesi
Vaud;Bofflens;Bocanis
Vaud;Bogis-Bossey;Les Grenouilles
Neuchâtel;Bôle;Bôlois, Bôloises
Jura;Boncourt;Boncourtois, Boncourtoises
Argovie;Boniswil;Boniswiler, Boniswilerinnen
Vaud;Borex;Borésiens, Borésiennes
Tessin;Bosco/Gurin;Gorinesi (italien) ou Guryner (allemand)
Fribourg;Bossonnens;Bossonnensois, Bossonnensoises
Argovie;Boswil;Boswiler, Boswilerinnen
Vaud;Bottens;Bottanais, Bottanaises
Argovie;Bottenwil;Bottenwiler, Bottenwilerinnen
Argovie;Böttstein;Böttsteiner, Böttsteinerinnen
Neuchâtel;Boudevilliers;Malabars
Neuchâtel;Boudry;Boudrysans, Boudrysanes
Vaud;Bougy-Villars;Bodzérans, Bodzéranes
Valais;Bourg-Saint-Pierre;Bordillons, Bordillonnes
Vaud;Bournens;Argans
Jura;Bourrignon;Canards
Vaud;Boussens;Boussinois, Boussinoises
Neuchâtel;Boveresse;Grenouillards
Valais;Bovernier;Bovernions, Bovernionnes
Argovie;Bözen;Bözener, Bözerinnen
Valais;Bratsch;Bratscher, Bratscherinnen
Glaris;Braunwald;Braunwalder, Braunwalderinnen
Tessin;Breggia;Breggiani
Vaud;Bremblens;Tâtris
Argovie;Bremgarten;Bremgarter, Bremgarterinnen
Berne;Bremgarten bei Bern;Bremgartner, Bremgartnerinnen
Vaud;Brenles;Brenlois, Brenloises
Saint-Gall;Bronschhofen;Bronschhofener, Bronschhoferinnen
Neuchâtel;Brot-Dessous;Brotiers, Brotières
Neuchâtel;Brot-Plamboz;Brotiers, Brotières
Schaffhouse;Buch;Bucher, Bucherinnen
Schaffhouse;Buchberg;Buchberger, Buchbergerinnen
Vaud;Buchillon;Buchillonnais, Buchillonnaises
Saint-Gall;Buchs;Buchser, Buchserinnen
Appenzell Rhodes-Extérieures;Bühler;Bühlerer, Bühlerinnen
Fribourg;Bulle;Bullois, Bulloises
Vaud;Bullet;Bullatons, Bullatonnes
Jura;Bure;Burets, Burettes
Berne;Büren an der Aare;Bürener, Bürenerinnen
Uri;Bürglen;Bürgler, Bürglerinnen
Vaud;Bursinel;Bursinelois, Bursineloises
Vaud;Bursins;Bursinois, Bursinoises
Vaud;Burtigny;Burtigniérans, Burtigniéranes
Vaud;Bussigny-près-Lausanne;Bussignolais, Bussignolaises
Vaud;Bussigny-sur-Oron;Cabris
Berne;Busswil bei Büren;Busswiler, Busswilerinnen
Vaud;Bussy-sur-Moudon;Bussinois, Bussinoises
Saint-Gall;Bütschwil;Bütschwiler, Bütschwilerinnen
Schaffhouse;Büttenhardt;Büttenhardter, Büttenhardterinnen
Neuchâtel;Buttes;Butterans, Butteranes
Tessin;Cadenazzo;Cadenazzesi
Tessin;Camorino;Camorinesi
Tessin;Campello;Campellesi
Tessin;Campo (Vallemaggia);Campesi
Tessin;Carona;Caronais, Caronaises
Genève;Carouge;Carougeois, Carougeoises
Vaud;Carrouge;Carrougeois, Carrougeoises
Genève;Cartigny;Cartignois, Cartignoises
Tessin;Castel San Pietro;Castellani
Genève;Céligny;Célignois, Célignoises
Tessin;Cerentino;Cerentini
Fribourg;Cerniat;Cerniatins, Cerniatines
Neuchâtel;Cernier;Eperviers
Tessin;Cevio;Ceviesi
Fribourg;Châbles;Châblois, Châbloises
Valais;Chalais;Chalaisards, Chalaisardes
Zoug;Cham;Chamer, Chamerinnen
Vaud;Chamblon;Chamblonnois, Chamblonnoises
Valais;Chamoson;Chamosards, Chamosardes
Vaud;Champagne;Champagnoux
Valais;Champéry;Champérolains, Champérolaines
Vaud;Champtauroz;Champtauriens, Champtauriennes
Vaud;Champvent;Chanvannais, Chanvannaises
Genève;Chancy;Chancynois, Chancynoises
Valais;Chandolin;Chandolinards, Chandolinardes
Vaud;Chanéaz;Verrats
Vaud;Chapelle-sur-Moudon;Chapelains, Chapelaines
Vaud;Chardonne;Chardonnerets, Chardonnerettes
Fribourg;Charmey;Charmeysans, Charmeysannes
Valais;Charrat;Charratains, Charrataines
Vaud;Château-dOex;Damounais, Damounaises
Fribourg;Châtel-Saint-Denis;Châtelois, Châteloises
Vaud;Châtillens;Châtillannais, Châtillannaises
Vaud;Chavannes-de-Bogis;Chavannus
Vaud;Chavannes-des-Bois;Chavannus
Vaud;Chavannes-le-Chêne;Tsavannais, Tsavannaises
Vaud;Chavannes-près-Renens;Chavannois, Chavannoises
Vaud;Chavannes-sur-Moudon;Chavannois, Chavannoises
Vaud;Chavornay;Chavornaysans, Chavornaysanes
Genève;Chêne-Bougeries;Chênois, Chênoises
Genève;Chêne-Bourg;Chênois, Chênoises
Fribourg;Chénens;Chénensois, Chénensoises
Valais;Chermignon;Chermignonards, Chermignonardes
Vaud;Chesalles-sur-Moudon;Chesallois, Chesalloises
Vaud;Cheseaux-sur-Lausanne;Gremaullais, Gremaullaises
Vaud;Chessel;Chessellois, Chesselloises
Vaud;Chevroux;Chevrotins, Chevrotines
Vaud;Chexbres;Chexbriens, Chexbriennes
Fribourg;Cheyres;Etourneaux
Neuchâtel;Chézard-Saint-Martin;Gaguelets
Tessin;Chiasso;Chiassesi
Vaud;Chigny;Chigniacs, Chigniaques
Valais;Chippis;Chippillards, Chippillardes
Genève;Choulex;Choulésiens, Choulésiennes
Vaud;Clarmont;Clarmontais, Clarmontaises
Tessin;Claro;Claresi
Neuchâtel;Coffrane;Anons
Vaud;Coinsins;Coinsinnois, Coinsinnoises
Grisons;Coire;Coiriens, Coiriennes
Genève;Collex-Bossy;Collesiens, Collesiennes et Bossiotes
Valais;Collombey-Muraz;Collombeyrouds, Collombeyroudes
Genève;Collonge-Bellerive;Collongeois-Belleriviens, Collongeoises-Belleriviennes
Genève;Cologny;Colognotes
Neuchâtel;Colombier;Colombinois, Colombinoises
Vaud;Combremont-le-Grand;Combremontois, Combremontoises
Vaud;Commugny;Commugnans, Commugnanes
Vaud;Concise;Concisois, Concisoises
Genève;Confignon;Confignonnais, Confignonnaises
Valais;Conthey;Contheysans, Contheysannes
Vaud;Coppet;Copétans, Copétanes
Vaud;Corbeyrier;Corbeyrians, Corbeyriannes
Fribourg;Corbières;Corbeyrans, Corbeyrannes
Berne;Corcelles;Corcellois, Corcelloises
Neuchâtel;Corcelles-Cormondrèche;Casses-écuelles et Cormontants, Cormontantes
Vaud;Corcelles-le-Jorat;Corçallins, Corçallines
Vaud;Corcelles-près-Concise;Corcellois, Corcelloises
Vaud;Corcelles-près-Payerne;Corçallins, Corçallines
Berne;Corgémont;Curgismondains, Curgismondaines
Fribourg;Corminboeuf;Corminois, Corminoises
Neuchâtel;Cornaux;Corbanetchs
Fribourg;Corpataux-Magnedens;Corpastouriens, Corpastouriennes
Vaud;Correvon;Correvonnais, Correvonnaises
Vaud;Corseaux;Corsalins, Corsalines
Genève;Corsier;Corsiérois, Corsiéroises
Vaud;Corsier-sur-Vevey;Corsiérans, Corsiérannes
Neuchâtel;Cortaillod;Carquoies
Vaud;Cossonay;Traîne-Gourdins
Fribourg;Cottens;Cottensois, Cottensoises
Jura;Courchavon;Baquétrons
Jura;Courfaivre;Mergats
Jura;Courrendlin;Courrengeaux, Courrengelles
Berne;Court;Courtisans, Courtisanes
Fribourg;Courtepin;Courtepinois, Courtepinoises
Jura;Courtételle;Guégelles
Neuchâtel;Couvet;Covassons, Covassonnes
Vaud;Crans-près-Céligny;Corbeaux
Vaud;Crassier;Crassiérans, Crassiéranes
Vaud;Cremin;Creminois, Creminoises
Tessin;Cresciano;Crescianesi
Neuchâtel;Cressier;Cressiacois, Cressiacoises
Fribourg;Cressier;Cressiaquois, Cressiaquoises
Vaud;Crissier;Crissirois, Crissiroises
Vaud;Cuarnens;Cuarnenais, Cuarnenaises
Vaud;Cudrefin;Cudrefinois, Cudrefinoises
Vaud;Cugy;Cugiérans, Cugiéranes
Fribourg;Cugy;Cugycois, Cugycoises
Vaud;Cully;Culliérans, Culliéranes
Vaud;Curtilles;Curteillards, Curteillardes
Vaud;Daillens;Daillenais, Daillenaises
Tessin;Dalpe;Dalpesi
Genève;Dardagny;Dardagnottes
Grisons;Davos;Davosiens, Davosiennes
Saint-Gall;Degersheim;Degersheimer, Degersheimerinnen
Jura;Delémont;Delémontains, Delémontaines
Vaud;Démoret;Démoretois, Démoretoises
Vaud;Denges;Dengereux, Dengereuses
Jura;Develier;Escargots
Saint-Gall;Diepoldsau;Diepoldsauer, Diepoldsauerinnen
Lucerne;Dierikon;Dierikoner, Dierikonerinnen
Vaud;Dizy;Dizyciens, Dizyciennes
Neuchâtel;Dombresson;Bourdons
Fribourg;Domdidier;Diderains, Dideraines
Fribourg;Dompierre;Dompierrois, Dompierroises
Lucerne;Doppleschwand;Doppleschwander, Doppleschwanderinnen
Valais;Dorénaz;Diablerains
Schaffhouse;Dörflingen;Dörflinger, Dörflingerinnen
Zurich;Dübendorf;Dübendorfois, Dübendorfoises
Vaud;Duillier;Duilliérans, Duilliéranes
Zurich;Dürnten;Dürnter, Dürnterinnen
Lucerne;Ebikon;Ebikoner, Ebikonerinnen
Vaud;Echallens;Challensois, Challensoises
Vaud;Echandens;Echandeliers, Echandelières
Vaud;Echichens;Echichanais, Echichanaises
Vaud;Eclépens;Eclépanais, Eclépanaises
Vaud;Ecoteaux;Escotaliens, Escotaliennes
Vaud;Ecublens;Ecublanais, Ecublanaises
Valais;Eggerberg;Eggerberger, Eggerbergerinnen
Saint-Gall;Eggersriet;Eggersrieter, Eggersrieterinnen
Saint-Gall;Eichberg;Eichberger, Eichbergerinnen
Schwytz;Einsiedeln;Einsiedelner, Einsiedelnerinnen
Glaris;Elm;Elmer, Elmerinnen
Obwald;Engelberg;Engelbergeois, Engelbergeoises
Neuchâtel;Enges;Engeois, Engeoises
Neuchâtel;Engollon;Renailles
Lucerne;Entlebuch;Entlebucher, Entlebucherinnen
Vaud;Epalinges;Palinzards, Palinzardes
Fribourg;Ependes;Ependois, Ependoises
Vaud;Epesses;Epessiens, Epessiennes
Valais;Ergisch;Ergischer, Ergischerinnen
Saint-Gall;Ernetschwil;Ernetschwiler, Ernetschwilerinnen
Uri;Erstfeld;Erstfelder, Erstfelderinnen
Saint-Gall;Eschenbach;Eschenbacher, Eschenbacherinnen
Lucerne;Escholzmatt;Escholzmatter, Escholzmatterinnen
Vaud;Essert-sous-Champvent;Essertois, Essertoises
Vaud;Essertes;Essertiens, Essertiennes
Vaud;Essertines-sur-Rolle;Essertinois, Essertinoises
Fribourg;Estavayer-le-Lac;Staviacois, Staviacoises
Vaud;Etoy;Etierruz
Berne;Evilard;Evilardiens, Evilardiennes
Valais;Evionnaz;Evionnards, Evionnardes
Valais;Evolène;Evolénards, Evolénardes
Vaud;Eysins;Eysinois, Eysinoises
Tessin;Faido;Faidesi
Vaud;Faoug;Faougeois, Faougeoises
Vaud;Féchy;Fezzolans, Fezzolanes
Neuchâtel;Fenin-Vilars-Saules;Bons voisins (Fenin), Couennes de lard (Vilars), Fourmis rouges (Saules)
Vaud;Ferlens;Ferlanais, Ferlanaises
Vaud;Ferreyres;Ferreyrois, Ferreyroises
Fribourg;Fétigny;Fétignois, Fétignoises
Schwytz;Feusisberg;Feusisberger, Feusisbergerinnen
Valais;Fiesch;Fiescher, Fiescherinnen
Glaris;Filzbach;Filzbacher, Filzbacherinnen
Saint-Gall;Flawil;Flawiler, Flawilerinnen
Neuchâtel;Fleurier;Fleurisans, Fleurisannes
Uri;Flüelen;Flüeler, Flüelerinnen
Lucerne;Flühli;Flühler, Flühlerinnen
Saint-Gall;Flums;Flumser, Flumserinnen
Neuchâtel;Fontainemelon;Bornicans, Bornicanes
Neuchâtel;Fontaines;Lèchebeurcanes
Jura;Fontenais;Tchais
Vaud;Forel;Forellois, Forelloises
Vaud;Forel-sur-Lucens;Forellois, Forelloises
Vaud;Founex;Founachus, Founachues
Thurgovie;Frauenfeld;Frauenfeldois, Frauenfeldoises
Schwytz;Freienbach;Freienbacher, Freienbacherinnen
Argovie;Freienwil;Freienwiler, Freienwilerinnen
Neuchâtel;Fresens;Guêpes
Fribourg;Fribourg;Fribourgeois, Fribourgeoises
Vaud;Froideville;Cacatchoux
Berne;Frutigen;Frutiger, Frutigerinnen
Valais;Fully;Fullerains, Fulleraines
Schaffhouse;Gächlingen;Gächlinger, Gächlingerinnen
Appenzell Rhodes-Extérieures;Gais;Gaiser, Gaiserinnen
Saint-Gall;Gaiserwald;Gaiserwalder, Gaiserwalderin
Schwytz;Galgenen;Galgener, Galgenerinnen
Saint-Gall;Gams;Gamser, Gamserinnen
Saint-Gall;Ganterschwil;Ganterschwiler, Ganterschwilerinnen
Genève;Genève;Genevois, Genevoises
Genève;Genthod;Gentousiens, Gentousiennes
Schwytz;Gersau;Gersauer, Gersauerinnen
Vaud;Gilly;Gilliérons, Gilliéronnes
Vaud;Gimel;Gimelans, Gimelanes
Vaud;Gingins;Ginginois, Ginginoises
Lucerne;Gisikon;Gisikoner, Gisikonerinnen
Obwald;Giswil;Giswiler, Giswilerinnen
Tessin;Giubiasco;Giubiaschesi
Vaud;Givrins;Givrinois, Givrinoises
Vaud;Gland;Glandois, Glandoises
Glaris;Glaris;Glaronnais, Glaronnaises
Saint-Gall;Goldach;Goldacher, Goldacherinnen
Saint-Gall;Goldingen;Goldingener, Goldingerinnen
Vaud;Gollion;Gollionis
Saint-Gall;Gommiswald;Gommiswalder, Gommiswalderinnen
Appenzell Rhodes-Intérieures;Gonten;Gontener, Gonterinnen
Neuchâtel;Gorgier;Bélins, Bélines
Uri;Göschenen;Göschener, Göschenerinnen
Saint-Gall;Gossau;Gossauer, Gossauerinnen
Saint-Gall;Grabs;Grabser, Grabserinnen
Vaud;Grandcour;Grandcotis, Grandcoties
Vaud;Grandevent;Grandeventois, Grandeventoises
Jura;Grandfontaine;Gueillemetins, Gueillemetines
Vaud;Grandson;Grandsonnois, Grandsonnoises
Berne;Grandval;Gravallons, Gravallonnes
Vaud;Grandvaux;Grandvaliens,Grandvaliennes
Fribourg;Grandvillard;Grandvillardins, Grandvillardines
Vaud;Granges-près-Marnand;Grangeois, Grangeoises
Fribourg;Greng;Grengois, Grengoises
Lucerne;Greppen;Grepper, Grepperinnen
Valais;Grimentz;Grimenzards, Grimenzardes
Valais;Grimisuat;Blecs
Fribourg;Grolley;Grolleysans, Grolleysannes
Valais;Grône;Grônards, Grônardes
Appenzell Rhodes-Extérieures;Grub;Gruber, Gruberinnen
Fribourg;Gruyères;Gruériens, Gruériennes
Vaud;Gryon;Gryonnais, Gryonnaises
Tessin;Gudo;Gudesi
Schaffhouse;Guntmadingen;Guntmadinger, Guntmadingerinnen
Uri;Gurtnellen;Gurtneller, Gurtnellerinnen
Genève;Gy;Gytans, Gytanes
Saint-Gall;Häggenschwil;Häggenschwiler, Häggenschwilerinnen
Schaffhouse;Hallau;Hallauer, Hallauerinnen
Lucerne;Hasle;Hasler, Haslerinnen
Glaris;Haslen;Haslener, Haslerinnen
Fribourg;Haut-Vully;Haut-Vuillerains, Haut-Vuilleraines
Neuchâtel;Hauterive;Altaripiens, Altaripiennes
Fribourg;Hauterive;Altaripiens, Altaripiennes
Appenzell Rhodes-Extérieures;Heiden;Heidener, Heidenerinnen
Schaffhouse;Hemishofen;Hemishofer, Hemishoferinnen
Schaffhouse;Hemmental;Hemmentaler, Hemmentalerinnen
Argovie;Hendschiken;Hendschiker, Hendschikerinnen
Valais;Hérémence;Hérémensards, Hérémensardes
Nidwald;Hergiswil;Hergiswilois, Hergiswiloises
Appenzell Rhodes-Extérieures;Herisau;Herisauer, Herisauerinnen
Genève;Hermance;Hermançois, Hermançoises
Vaud;Hermenches;Hermenchois, Hermenchoises
Schaffhouse;Hofen;Hofener, Hoferinnen
Lucerne;Honau;Honauer, Honauerinnen
Lucerne;Horw;Horwer, Horwerinnen
Uri;Hospental;Hospentaler, Hospentalerinnen
Appenzell Rhodes-Extérieures;Hundwil;Hundwiler, Hundwilerinnen
Zoug;Hünenberg;Hünenberger, Hünenbergerinnen
Valais;Icogne;Icognards, Icognardes
Schwytz;Illgau;Illgauer, Illgauerinnen
Schwytz;Ingenbohl;Ingenbohler, Ingenbohlerinnen
Schwytz;Innerthal;Innerthaler, Innerthalerinnen
Berne;Interlaken;Interlakois, Interlakoises
Tessin;Iragna;Iragnotti
Uri;Isenthal;Isenthaler, Isenthalerinnen
Valais;Isérables;Bedjuis, Bedjuasses
Vaud;Jongny;Jongnyssois, Jongnyssoises
Saint-Gall;Jonschwil;Jonschwiler, Jonschwilerinnen
Vaud;Jouxtens-Mézery;Jouxtanais, Jouxtanaises
Genève;Jussy;Jusserands, Jusserandes
Zurich;Kloten;Klotenois, Klotenoises
Lucerne;Kriens;Kriensois, Kriensoises
Schwytz;Küssnacht;Küssnachter, Küssnachterinnen
Vaud;LAbbaye;Les Bayets
Vaud;LIsle;Islois, Isloises
Neuchâtel;La Brévine;Bréviniers, Brévinières
Neuchâtel;La Chaux-de-Fonds;Chaux-de-Fonniers, Chaux-de-Fonnières
Neuchâtel;La Chaux-du-Milieu;Chauliers, Chaulières
Neuchâtel;La Côte-aux-Fées;Niquelets
Berne;La Neuveville;Neuvevillois, Neuvevilloises
Vaud;La Praz;Pratoux
Vaud;La Rippe;Rippérans, Rippéranes
Fribourg;La Roche;Rochois, Rochoises
Neuchâtel;La Sagne;Sagnards, Sagnardes
Vaud;La Sarraz;Sarrazins, Sarrazines
Vaud;La Tour-de-Peilz;Boélands, Boélandes
Schwytz;Lachen;Lachener, Lachenerinnen
Genève;Laconnex;Laconnésiens, Laconnésiennes
Jura;Lajoux;Djoulais, Djoulaises
Genève;Lancy;Lancéens, Lancéennes
Schwytz;Lauerz;Lauerzer, Lauerzerinnen
Vaud;Lausanne;Lausannois, Lausannoises
Vaud;Lavigny;Lavinois, Lavinoises
Neuchâtel;Le Cerneux-Péquignot;Cerneuniers, Cerneunières
Genève;Le Grand-Saconnex;Saconnésiens, Saconnésiennes
Neuchâtel;Le Landeron;Landeronnais, Landeronnaises
Vaud;Le Lieu;Ecovafieux
Neuchâtel;Le Locle;Loclois, Locloises
Vaud;Le Mont-sur-Lausanne;Montains, Montaines
Fribourg;Le Mouret;Murtenois, Murtenoises
Neuchâtel;Le Pâquier;Corbées
Vaud;Le Vaud;Vaulis, Vaulies
Valais;Lens;Lensards, Lensardes
Neuchâtel;Les Bayards;Bayardins, Bayardines
Jura;Les Bois;Rudisylvains, Rudisylvaines
Neuchâtel;Les Brenets;Brenassiers, Brenassières
Jura;Les Breuleux;Breulotiers, Breulotières
Vaud;Les Cullayes;Cullatis
Neuchâtel;Les Geneveys-sur-Coffrane;Girafes
Neuchâtel;Les Hauts-Geneveys;Geneveysans, Geneveysanes
Neuchâtel;Les Planchettes;Planchottiers, Planchottières
Neuchâtel;Les Ponts-de-Martel;Ponliers, Ponlières
Vaud;Les Thioleyres;Thiolérus
Neuchâtel;Les Verrières;Verrisans, Verrisannes
Vaud;Leysin;Leysenouds, Leysenoudes
Valais;Leytron;Leytronains, Leytronintzes
Valais;Liddes;Lidderains, Lidderaines
Bâle-Campagne;Liestal;Liestaliens, Liestaliennes
Vaud;Lignerolle;Lignerollois, Lignerolloises
Neuchâtel;Lignières;Lignièrois, Lignièroises
Tessin;Ligornetto;Ligornettesi
Glaris;Linthal;Linthaler, Linthalerinnen
Tessin;Locarno;Locarnais, Locarnaises
Tessin;Lodrino;Lodrinesi
Valais;Loèche-les-Bains;Loéchois, Loéchoises
Schaffhouse;Lohn;Löhne
Schaffhouse;Löhningen;Löhninger, Löhningerinnen
Vaud;Lonay;Lonaysans, Lonaysannes
Vaud;Longirod;Longerois, Longeroises
Vaud;Lucens;Lucensois, Lucensoises
Lucerne;Lucerne;Lucernois, Lucernoises
Glaris;Luchsingen;Luchsinger, Luchsingerinnen
Tessin;Lugano;Luganais, Luganaises
Vaud;Luins;Luinois, Luinoises
Vaud;Lully;Lulliérans, Lulliéranes
Obwald;Lungern;Lunger, Lungerinnen
Vaud;Lussy-sur-Morges;Lucifers
Vaud;Lutry;Lutryens, Lutryennes
Appenzell Rhodes-Extérieures;Lutzenberg;Lutzenberger, Lutzenbergerinnen
Berne;Lyss;Lyssois, Lyssoises
Tessin;Maggia;Maggesi
Grisons;Maienfeld;Maienfelder, Maienfelderinnen
Tessin;Malvaglia;Malvagliesi
Vaud;Maracon;Maraconais, Maraconaises
Lucerne;Marbach;Marbacher, Marbacherinnen
Vaud;Marchissy;Martiolans, Martiolanes
Neuchâtel;Marin-Epagnier;Marinois, Marinoises
Fribourg;Marly;Marlinois, Marlinoises
Vaud;Martherenges;Martherengeois, Martherengeoises
Valais;Martigny;Octoduriens, Octoduriennes
Valais;Martigny-Combe;Comberains, Comberintzes
Valais;Massongex;Massongérouds, Massongéroudes
Vaud;Mathod;Mathoulons, Mathoulonnes
Fribourg;Matran;Matranais, Matranaises
Glaris;Matt;Matter, Matterinnen
Vaud;Mauraz;Mauraziens, Mauraziennes
Lucerne;Meggen;Megger, Meggerinnen
Genève;Meinier;Meynites
Tessin;Mendrisio;Mendrisiensi
Fribourg;Ménières;Ménièrois, Ménièroises
Zoug;Menzingen;Menzinger, Menzingerinnen
Schaffhouse;Merishausen;Merishauser, Merishauserinnen
Jura;Mervelier;Gravalons, Gravalonnes
Vaud;Mex;Mexanais, Mexanaises
Valais;Mex;Mélères
Genève;Meyrin;Meyrinois, Meyrinoises
Vaud;Mézières;Méziérois, Méziéroises
Valais;Miège;Miégeois, Miégeoises
Vaud;Mies;Myarolands, Myarolandes
Vaud;Missy;Missiriens, Missiriennes
Glaris;Mitlödi;Mitlöder, Mitlöderinnen
Vaud;Mollens;Mollensards, Mollensardes
Valais;Mollens;Mollensards, Mollensardes
Glaris;Mollis;Molliser, Molliserinnen
Vaud;Molondin;Molondinois, Molondinoises
Vaud;Monnaz;Monnassiens, Monnassiennes
Vaud;Mont-sur-Rolle;Montois, Montoises
Neuchâtel;Montalchez;Feratchîvras
Valais;Montana;Montanais, Montanaises
Tessin;Monte Carasso;Montecarassesi
Vaud;Montherod;Montherolis
Valais;Monthey;Montheysans, Montheysannes
Neuchâtel;Montmollin;Baveux
Vaud;Montreux;Montreusiens, Montreusiennes
Vaud;Montricher;Montélets
Fribourg;Morat;Moratois, Moratoises
Tessin;Morbio Inferiore;Morbiesi
Vaud;Morges;Morgiens, Morgiennes
Fribourg;Morlon;Morlonais, Morlonaises
Vaud;Morrens;Morrennais, Morrennaises
Schwytz;Morschach;Morschacher, Morschacherinnen
Neuchâtel;Môtiers;Môtisans, Môtisanes
Vaud;Moudon;Moudonnois, Moudonnoises
Berne;Moutier;Prévôtois, Prévôtoises
Jura;Movelier;Mulets
Glaris;Mühlehorn;Mühlehorner, Mühlehornerinnen
Schwytz;Muotathal;Muotathaler, Muotathalerinnen
Vaud;Mur;Murois, Muroises
Fribourg;Murist;Muristois, Muristoises
Glaris;Näfels;Näfeler, Näfelerinnen
Valais;Nax;Naxards, Naxardes
Valais;Nendaz;Nendards, Nendettes
Glaris;Netstal;Netstaler, Netstalerinnen
Neuchâtel;Neuchâtel;Neuchâtelois, Neuchâteloises
Schaffhouse;Neuhausen am Rheinfall;Neuhauser, Neuhauserinnen
Zoug;Neuheim;Neuheimer, Neuheimerinnen
Schaffhouse;Neunkirch;Neunkircher, Neunkircherinnen
Fribourg;Neyruz;Neyruziens, Neyruziennes
Berne;Nidau;Nidowiens, Nidowiennes
Glaris;Niederurnen;Niederurner, Niederurnerinnen
Berne;Nods;Niola
Neuchâtel;Noiraigue;Néraouis, Néraouies
Fribourg;Noréaz;Noréaziens, Noréaziennes
Tessin;Novazzano;Novazzanesi
Vaud;Noville;Novillois, Novilloises
Vaud;Nyon;Nyonnais, Nyonnaises
Zoug;Oberägeri;Oberägerer, Oberägerinnen
Nidwald;Oberdorf;Oberdorfer, Oberdorferinnen
Appenzell Rhodes-Intérieures;Oberegg;Oberegger, Obereggerinnen
Schaffhouse;Oberhallau;Oberhallauer, Oberhallauerinnen
Schwytz;Oberiberg;Oberiberger, Oberibergerinnen
Fribourg;Oberschrot;Oberschroter, Oberschroterinnen
Glaris;Oberurnen;Oberurner, Oberurnerinnen
Berne;Oberwil im Simmental;Oberwiler, Oberwilerinnen
Glaris;Obstalden;Obstalder, Obstalderinnen
Soleure;Oensingen;Oensinger, Oensingerinnen
Vaud;Oleyres;Oleyrois, Oleyroises
Vaud;Ollon;Boyards, Boyardes
Soleure;Olten;Oltener, Oltenerinnen
Genève;Onex;Onésiens, Onésiennes
Vaud;Onnens;Les Baveux
Vaud;Orbe;Urbigènes
Vaud;Orges;Orgelais, Orgelaises
Tessin;Origlio;Origlesi
Vaud;Ormont-Dessous;Ormonans, Ormonanches
Vaud;Ormont-Dessus;Ormonans, Ormonanches
Vaud;Orny;Orniérans, Orniéranes
Vaud;Oron-la-Ville;Oronais, Oronaises
Valais;Orsières;Orsiérains, Orsiéraines
Berne;Orvin;Orvinnois, Orvinnoises
Tessin;Osco;Oschesi
Vaud;Oulens-sous-Echallens;Oulanais, Oulanaises
Vaud;Oulens-sur-Lucens;Oulennais, Oulennaises
Vaud;Palézieux;Paléziens, Paléziennes
Vaud;Pampigny;Pampignolais, Pampignolaises
Vaud;Paudex;Paudéziens, Paudéziennes
Vaud;Payerne;Payernois, Payernoises
Vaud;Penthalaz;Cancaniers, Cancanières
Genève;Perly-Certoux;Perly-Certousiens, Perly-Certousiennes
Berne;Perrefitte;Beutchins, Beutchines
Vaud;Perroy;Perrolans, Perrolanes
Tessin;Personico;Personichesi
Neuchâtel;Peseux;Subiéreux, Subiéreuses
Vaud;Peyres-Possens;Possensois, Possensoises
Tessin;Pianezzo;Pianezzesi
Vaud;Pizy;Pizolans, Pizolanes
Berne;Plagne;Plagnards, Plagnardes
Genève;Plan-les-Ouates;Plan-les-Ouatiens, Plan-les-Ouatiennes
Jura;Pleigne;Geais
Vaud;Poliez-Pittet;Croqua-Blyessons
Vaud;Pompaples;Pompaplois, Pompaploises
Vaud;Pomy;Pomérans, Poméranes
Jura;Porrentruy;Bruntrutains, Bruntrutaines
Vaud;Prangins;Pranginois, Pranginoises
Genève;Pregny-Chambésy;Pregnotes et Chambésiens, Pregnotes et Chambésiennes
Vaud;Premier;Promiolians, Promiolianes
Genève;Presinge;Presingeois, Presingeoises
Vaud;Préverenges;Préverengeois, Préverengeoises
Fribourg;Prez-vers-Noréaz;Grelets, Grelettes
Vaud;Prilly;Prilliérans, Prilliéranes
Vaud;Provence;Provençois, Provençoises
Vaud;Pully;Pulliérans, Pulliéranes
Genève;Puplinge;Puplingeois, Puplingeoises
Schaffhouse;Ramsen;Ramsener, Ramserinnen
Vaud;Rances;Ransignolets, Ransignolettes
Valais;Randogne;Randognards, Randognardes
Uri;Realp;Realper, Realperinnen
Berne;Reconvilier;Reconvilierains, Reconvilieraines
Appenzell Rhodes-Extérieures;Rehetobel;Rehetobeler, Rehetobelerinnen
Schwytz;Reichenburg;Reichenburger, Reichenburgerinnen
Fribourg;Remaufens;Remaufensois, Remaufensoises
Vaud;Renens;Renanais, Renanaises
Appenzell Rhodes-Extérieures;Reute;Reuter, Reuterinnen
Vaud;Reverolle;Lè Rebedoli
Fribourg;Riaz;Riazois, Riazoises
Valais;Riddes;Riddans, Riddannes
Glaris;Riedern;Riederner, Riedernerinnen
Bâle-Ville;Riehen;Riehener, Riehenerinnen
Schwytz;Riemenstalden;Riemenstaldener, Riemenstaldenerinnen
Zoug;Risch-Rotkreuz;Rischer-Rotkreuzer, Rischerinnen-Rotkreuzerinnen
Tessin;Riva San Vitale;Rivensi
Vaud;Roche;Rotzérans, Rotzéranes
Neuchâtel;Rochefort;Rochefortois, Rochefortoises
Jura;Rocourt;Gravallons
Vaud;Rolle;Rollois, Rolloises
Vaud;Romainmôtier-Envy;Romainmonastériens, Romainmonastériennes
Vaud;Romanel-sur-Morges;Romanichels, Romanichelles
Fribourg;Romont;Romontois, Romontoises
Berne;Romont;Rominats, Rominates
Lucerne;Romoos;Romooser, Romooserinnen
Vaud;Rossenges;Rossengeois, Rossengeoises
Vaud;Rossinière;Pétolets
Schwytz;Rothenthurm;Rothenthurmer, Rothenthurmerinnen
Vaud;Rougemont;Rodzemounais, Rodzemounaises
Schaffhouse;Rüdlingen;Rüdlingener, Rüdlingerinnen
Fribourg;Rue;Rotavilliens, Rotavilliennes
Vaud;Rueyres;Rueyriens, Rueyriennes
Genève;Russin;Russinois, Russinoises
Fribourg;Russy;Russicains, Russicaines
Glaris;Rüti;Rüter, Rüterinnen
Valais;Saas-Almagell;Saas-Almageller, Saas-Almagellerinnen
Jura;Saignelégier;Loitchous
Valais;Saillon;Saillonains, Saillonintzes
Fribourg;Saint-Aubin;Saint-Aubinois, Saint-Aubinoises
Neuchâtel;Saint-Blaise;Saint-Blaisois, Saint-Blaisoises
Vaud;Saint-Cergue;Saint-Cerguois, Saint-Cerguoises
Vaud;Saint-Cierges;Saint-Ciergeois, Saint-Ciergeoises
Saint-Gall;Saint-Gall;Saint-Gallois, Saint-Galloises
Vaud;Saint-George;Saint-Georgeais, Saint-Georgeaises
Berne;Saint-Imier;Imériens, Imériennes
Vaud;Saint-Légier-La Chiésaz;Saint-Légerins, Saint-Légerines
Valais;Saint-Léonard;Léonardins, Léonardines
Vaud;Saint-Livres;Saint-Levris
Valais;Saint-Luc;Lucquerands, Lucquerandes
Valais;Saint-Maurice;Agaunois, Agaunoises
Vaud;Saint-Prex;Saint-Preyards, Saint-Preyardes
Vaud;Saint-Saphorin;Saint-Saphoriens, Saint-Saphoriennes
Vaud;Saint-Saphorin-sur-Morges;Saint-Saphoriens, Saint-Saphoriennes
Vaud;Saint-Sulpice;Serpelious, Serpeliouses
Neuchâtel;Saint-Sulpice;Saint-Sulpisans, Saint-Sulpisanes
Vaud;Sainte-Croix;Sainte-Crix
Fribourg;Sâles;Sâlois, Sâloises
Valais;Salquenen;Salquenards, Salquenardes
Valais;Salvan;Salvanains, Salvanintzes
Grisons;Samedan;Samedaner, Samedanerinnen
Tessin;SantAntonino;Santantoninesi
Saint-Gall;Sargans;Sarganser, Sarganserinnen
Obwald;Sarnen;Sarner, Sarnerinnen
Vaud;Sassel;Sassoyards, Sassoyardes
Genève;Satigny;Satignotes
Schwytz;Sattel;Satteler, Sattelerinnen
Vaud;Saubraz;Saubrians, Saubrianes
Neuchâtel;Savagnier;Sylvagniens, Sylvagniennes
Valais;Savièse;Saviésans, Saviésannes
Vaud;Savigny;Savignolans, Savignolanes
Grisons;Savognin;Savogniner, Savogninerinnen
Valais;Saxon;Saxonains, Saxonintzes
Schaffhouse;Schaffhouse;Schaffhousois, Schaffhousoises
Berne;Schangnau;Schangnauer, Schangnauerinnen
Uri;Schattdorf;Schattdorfer, Schattdorferinnen
Appenzell Rhodes-Intérieures;Schlatt-Haslen;Schlatter-Haslener, Schlatterinnen-Haslerinnen
Schaffhouse;Schleitheim;Schleitheimer, Schleitheimerinnen
Appenzell Rhodes-Extérieures;Schönengrund;Schönengrunder, Schönengrunderinnen
Schwytz;Schübelbach;Schübelbacher, Schübelbacherinnen
Lucerne;Schüpfheim;Schüpfheimer, Schüpfheimerinnen
Glaris;Schwanden;Schwander, Schwanderinnen
Glaris;Schwändi;Schwänder, Schwänderinnen
Appenzell Rhodes-Extérieures;Schwellbrunn;Schwellbrunner, Schwellbrunnerinnen
Appenzell Rhodes-Intérieures;Schwende;Schwendener, Schwenderinnen
Schwytz;Schwytz;Schwytzois, Schwytzoises
Uri;Seedorf;Seedorfer, Seedorferinnen
Uri;Seelisberg;Seelisberger, Seelisbergerinnen
Valais;Sembrancher;Sembranchards, Sembranchardes
Tessin;Sementina;Sementinesi
Fribourg;Semsales;Semsalois, Semsaloises
Vaud;Senarclens;Hérissons
Vaud;Servion;Servionnais, Servionnaises
Valais;Sierre;Sierrois, Sierroises
Vaud;Signy-Avenex;Signérans, Signéranes
Berne;Sigriswil;Sigriswiler, Sigriswilerinnen
Uri;Silenen;Silener, Silenerinnen
Valais;Sion;Sédunois, Sédunoises
Uri;Sisikon;Sisikoner, Sisikonerinnen
Soleure;Soleure;Soleurois, Soleuroises
Glaris;Sool;Sooler, Soolerinnen
Genève;Soral;Soraliens, Soraliennes
Fribourg;Sorens;Sorensois, Sorensoises
Vaud;Sottens;Sottenois, Sottenoises
Appenzell Rhodes-Extérieures;Speicher;Speicherer, Speicherinnen
Uri;Spiringen;Spiringer, Spiringerinnen
Nidwald;Stansstad;Stansstader, Stansstaderinnen
Appenzell Rhodes-Extérieures;Stein;Steiner, Steinerinnen
Schaffhouse;Stein am Rhein;Steiner, Steinerinnen
Schwytz;Steinen;Steiner, Steinerinnen
Schwytz;Steinerberg;Steinerberger, Steinerbergerinnen
Zoug;Steinhausen;Steinhauser, Steinhauserinnen
Vaud;Suchy;Sécherons, Sécheronnes
Vaud;Sullens;Sullanais, Sullanaises
Vaud;Syens;Syensois, Syensoises
Vaud;Tannay;Tannayrolis, Tannayrolies
Grisons;Tarasp;Tarasper, Tarasperinnen
Grisons;Tartar;Tartarnois, Tartarnoises
Vaud;Tartegnin;Tartevinois, Tartevinoises
Berne;Tavannes;Tavannois, Tavannoises
Appenzell Rhodes-Extérieures;Teufen;Teufener, Teufenerinnen
Vaud;Thierrens;Thierranais, Thierranaises
Genève;Thônex;Thônesiens, Thônesiennes
Berne;Thoune;Thounois, Thounoises
Vaud;Tolochenaz;Tolochinois, Tolochinoises
Berne;Tramelan;Tramelots, Tramelotes
Neuchâtel;Travers;Traversins, Traversines
Vaud;Trélex;Trélésiens, Trélésiennes
Vaud;Treycovagnes;Covagnards, Covagnardes
Vaud;Treytorrens;Treytorranais, Treytorranaises
Fribourg;Treyvaux;Treyvaliens, Treyvaliennes
Valais;Trient;Triennards, Triennardes
Appenzell Rhodes-Extérieures;Trogen;Trogner, Trognerinnen
Genève;Troinex;Troinesiens, Troinesiennes
Valais;Troistorrents;Chorgues
Schwytz;Tuggen;Tuggener, Tuggenerinnen
Zoug;Unterägeri;Unterägerer, Unterägerinnen
Schwytz;Unteriberg;Unteriberger, Unteribergerinnen
Uri;Unterschächen;Unterschächer, Unterschächerinnen
Appenzell Rhodes-Extérieures;Urnäsch;Urnäscher, Urnäscherinnen
Tessin;Vacallo;Vacallesi
Valais;Val-dIlliez;Val-dIlliens, Val-dIlliennes
Neuchâtel;Valangin;Valanginois, Valanginoises
Vaud;Valeyres-sous-Rances;Valeyriens, Valeyriennes
Vaud;Vallamand;Vallamandais, Vallamandaises
Vaud;Vallorbe;Vallorbiers, Vallorbières
Genève;Vanduvres;Vanduvriens, Vanduvriennes
Vaud;Vaulion;Vaulienis, Vaulienies
Fribourg;Vaulruz;Vaulruziens, Vaulruziennes
Neuchâtel;Vaumarcus;Ecureuils
Valais;Venthône;Venthôniards, Venthôniardes
Jura;Vermes;Vermais, Vermaises
Valais;Vernayaz;Planains
Genève;Vernier;Verniolans, Verniolanes
Valais;Vérossaz;Véroffiards, Véroffiardes
Genève;Versoix;Versoisiens, Versoisiennes
Valais;Vétroz;Vétrozains, Vétrozaines
Vaud;Vevey;Veveysans, Veveysannes
Valais;Vex;Bacounis
Valais;Veyras;Veyrassois, Veyrassoises
Genève;Veyrier;Veyrites
Vaud;Veytaux;Veytausiens, Veytausiennes
Vaud;Vich;Vichois, Vichoises
Jura;Vicques;Vicquois, Vicquoises
Valais;Viège;Viégeois, Viégeoises
Vaud;Villars-Bramard;Villars-Bramardois, Villars-Bramardoises
Vaud;Villars-le-Terroir;Villardiers, Villardières
Vaud;Villars-sous-Champvent;Villarsiens, Villarsiennes
Fribourg;Villars-sur-Glâne;Villarois, Villaroises
Fribourg;Villarsel-sur-Marly;Villarselois, Villarseloises
Vaud;Villeneuve;Villeneuvois, Villeneuvoises
Neuchâtel;Villiers;Puisoirs
Vaud;Vinzel;Vinzellois, Vinzelloises
Valais;Vionnaz;Vionnérouds, Vionnéroudes
Valais;Vissoie;Vissoyards, Vissoyardes
Valais;Vollèges;Vollégeards, Vollégeardes
Schwytz;Vorderthal;Vorderthaler, Vorderthalerinnen
Valais;Vouvry;Vouvryens, Vouvryennes
Fribourg;Vuadens;Vuadensois, Vuadensoises
Vaud;Vufflens-la-Ville;Vufflanais, Vufflanaises
Vaud;Vufflens-le-Château;Vufflanais, Vufflanaises
Vaud;Vugelles-La Mothe;Vugellois, Vugelloises
Vaud;Vuiteboeuf;Vuitebolards, Vuitebolardes
Vaud;Vulliens;Talènes
Zoug;Walchwil;Walchwiler, Walchwilerinnen
Appenzell Rhodes-Extérieures;Wald;Wälder, Wälderinnen
Appenzell Rhodes-Extérieures;Waldstatt;Waldstatter, Waldstatterinnen
Appenzell Rhodes-Extérieures;Walzenhausen;Walzenhausener, Walzenhauserinnen
Schwytz;Wangen;Wangener, Wangerinnen
Berne;Wangen an der Aare;Wangener, Wangenerinnen
Soleure;Wangen bei Olten;Wangener, Wangenerinnen
Uri;Wassen;Wasser, Wasserinnen
Lucerne;Weggis;Weggiser, Weggiserinnen
Lucerne;Werthenstein;Werthensteiner, Werthensteinerinnen
Argovie;Wettingen;Wettingenois, Wettingenoises
Argovie;Widen;Widener, Widenerinnen
Zurich;Winterthour;Winterthourois, Winterthouroises
Argovie;Wohlen;Wohlenois, Wohlenoises
Appenzell Rhodes-Extérieures;Wolfhalden;Wolfhaldener, Wolfhalderinnen
Schwytz;Wollerau;Wollerauer, Wollerauerinnen
Vaud;Yens;Fumas
Vaud;Yverdon-les-Bains;Yverdonnois, Yverdonnoises
Vaud;Yvonand;Tapa-Sabllia
Vaud;Yvorne;Vuargnérans, Vuargnéranes
Valais;Zermatt;Zermattois, Zermattoises
Zoug;Zoug;Zougois, Zougoises
Soleure;Zuchwil;Zuchwiler, Zuchwilerinnen
Argovie;Zufikon;Zufikoner, Zufikonerinnen
Zurich;Zurich;Zurichois, Zurichoises
Argovie;Zuzgen;Zuzger, Zuzgerinnen
